<beans xmlns="http://www.springframework.org/schema/beans"
       xmlns:xsi="http://www.w3.org/2001/XMLSchema-instance" xmlns:context="http://www.springframework.org/schema/context"

       xsi:schemaLocation="http://www.springframework.org/schema/beans
    http://www.springframework.org/schema/beans/spring-beans-3.0.xsd
    http://www.springframework.org/schema/context
    http://www.springframework.org/schema/context/spring-context-3.0.xsd

    ">

    <bean id="dataSource" class="org.springframework.jdbc.datasource.DriverManagerDataSource">
        <property name="driverClassName" value="oracle.jdbc.driver.OracleDriver"></property>
        <property name="url" value="jdbc:oracle:thin:@localhost:1521:orcl"></property>
        <property name="username" value="System"></property>
        <property name="password" value="Pavan"></property>

    </bean>

    <bean id="simpleJdbcCall" class="org.springframework.jdbc.core.simple.SimpleJdbcCall">

        <constructor-arg name="dataSource" ref="dataSource"></constructor-arg>
    </bean>



    <context:annotation-config></context:annotation-config>

    <context:component-scan base-package="com.infinite"></context:component-scan>


</beans>